how can I get access to CWP,cwp_access
how can I access EU CWP,cwp_access
how can I access AP CWP,cwp_access
how can I access AG CWP,cwp_access
how can I access JP CWP,cwp_access
What is CWP,cwp_general
what is PHI,cwp_general
what is Domain,cwp_general
what is Sub-Domain,cwp_general
what is Reporting Group,cwp_general
what is DEO,cwp_general
what is DEF,cwp_general
What is DPE,cwp_general
Where can I find the list of PHI questions for each Sub-domain,cwp_general
CWP RAG Rating Methodology,cwp_general
What is the status of my access request,cwp_general
How can I Create/Delete/Modify an account,cwp_general
"As a DEO/DEF , I do not see my account listed in CWP",cwp_general
I need to re-open a data entry point,cwp_general
how to unsubmit data,cwp_general
any cognos related question/suggestion,cwp_general
Who can I contact for help on CWP,cwp_general
How can I reach CWP for help,cwp_general
what is the target date of Rollover,cwp_general
contact cwp,cwp_general
what is process health indicator,cwp_general
what is rg,cwp_general
