Can I check what accounts are in my access?,ecm_access
ecm access emea,ecm_access
how can I access ECM,ecm_access
access ecm,ecm_access
ecm acccess emea,ecm_access
ecm emea access,ecm_access
ecm access ag,ecm_access
ecm access ap,ecm_access
ecm access na,ecm_access
ecm access eu,ecm_access
ecm eu access,ecm_access
how can I access the GSA folders,ecm_access
the ECM AG task ID,ecm_contact
contact for ecm ag,ecm_contact
Do ECM has API channel,ecm_general
the ECM AP task ID,ecm_contact
contact ecm ap,ecm_contact
Is there any connection between ECM and CIRATS,ecm_general
ecm contact,ecm_contact
Is there any documentation regarding ECM tool,ecm_general
How does ECM work,ecm_general
the ECM EMEA task ID,ecm_contact
contact ecm emea,ecm_contact
Can I upload excel spreadsheet,ecm_upload_data
There is a way to upload data to ECM which sized more than 2 MB or  but it too huge for mailing,ecm_upload_data
Is there any file upload limit on ECM web,ecm_upload_data
Need to upload a MHC file which size if over 2 MB is it possible,ecm_upload_data
how can I upload Manual ID Compliance data,ecm_upload_data
The Manual Health Check is used on that time when the customer not approved or technically difficult to use any automatized solution that send data to the ECM,ecm_upload_data
I need a function but it is not available,ecm_general
Is there any list which contains what kind of functions will be developed in ECM,ecm_general
how can I get access to GSA folders for AG users,ecm_access
how can I get access to GSA folders for EMEA users,ecm_access
Automatic HC data not reflecting,ecm_scan
How can HC uploaded to ECM for storage systems,ecm_scan
server is not reflecting in ECM what can I do,ecm_general
How to change IP address or hostname or flags,ecm_general
Is ECM available from outside of IBM network,ecm_general
How can I reach the ECM tool,ecm_general
How can a report be generated in ECM,ecm_general
how can I request revoking an access,ecm_general
There is a view where suppressions are reflecting for an account,ecm_suppression
There is a way to amend a suppression using bulk load,ecm_suppression
What is suppression management in ECM,ecm_suppression
How is the suppression function working,ecm_suppression
how can I upload files to ECM,ecm_upload_data
I can see many orphan scans regarding my account Can I ask removal of these,ecm_general
Is there any housekeeping in ECM,ecm_general
Systems reflecting status NewP in id compliance view,ecm_general
ECM team opened a ticket to L3 team or  what is the status,ecm_general
How can I register an account to ECM,ecm_general
What is grace period rules in ECM,ecm_general
What is grace period in ECM,ecm_general
Which interfaces are supported with ECM,ecm_general
Is there any refresh time in ECM,ecm_general
issue or outage with the tool,ecm_general
supported applications,ecm_general
ECM report only production servers,ecm_general
What type of systems are handled by ECM,ecm_general
what is ECM,ecm_general
