Where can I find education related to epolicy,epolicy_general
What is ePolicy Business Objective,epolicy_general
What is the benefit of ePolicy,epolicy_general
ePolicy overview,epolicy_general
What kind of access types are in the ePolicy,epolicy_general
What is ePolicy,epolicy_general
I need a new account or  how can I get it created,epolicy_access
How can I reach to the epolicy Asia and MEA or  Japan or  GCG,epolicy_access
How can I reach to the epolicy North America,epolicy_access
How can I reach to the epolicy Europe,epolicy_access
How to get an access to epolicy,epolicy_access
access epolicy,epolicy_access
Who can I contact if I have question regarding ePolicy tool,epolicy_general
who is the contact of the policy management,epolicy_general
who is the contact of the threat management,epolicy_general
Whom to contact the ePolicy members,epolicy_general
contact epolicy,epolicy_general
What is  IseC,epolicy_general
What is  GSD331,epolicy_general
What is CSD,epolicy_general
CSD briefly,epolicy_general
isec,epolicy_general
I have an account with multiple DPEs We have a policy document which should be approved by PE and DPE to move to the next status IBM approved How can I select the validation roles,epolicy_general
What kind of document type had managed by epolicy,epolicy_general
Why can I not move the policy document into IBM approved if I attached DPE and PE approvals as pdf,epolicy_general
Are there any check_out or check_in process limitations,epolicy_general
How to open new requirement,epolicy_general
what is the policy management objective,epolicy_general
what is policy management,epolicy_general
How to import threats to ePolicy,epolicy_general
Technical specification contacts,epolicy_general
I have found an existing tech spec in the directory of unsupported account level tech specs or  can I make an update or change to this tech spec,epolicy_general
When do I need a tech spec,epolicy_general
What is the technical specification,epolicy_general
I have created a threat in the ePolicy for test reason I would like to remove it but there is no delete button What can I do to get it removed,epolicy_general
