Where  can I download the latest version of  Sterm,Sterm_download
need sterm endpoint contact,Sterm_Endpoint_contact
Whom to Contact for sterm End Point related issues.,Sterm_Endpoint_contact
sterm contact,Sterm_Endpoint_contact
What is the current endpoint (Linux server ) in order to use test the sterm,Sterm_Endpoint_Test
Sterm for endpoint Windows Servers,Sterm_Endpoint_Windows
How to install the sterm and where to find  the user guide in order to use the tool,Sterm_How_Install
where to find  the user guide in order to use the tool,Sterm_How_Install
Where to check the Sterm related issues and open tasks and enhancements,Sterm_Issues_Tickets_Enhancements
what is PCE in Sterm,Sterm_PCE
How to create a package for Sterm_PCE for both linux and windows,Sterm_PCE_Code_Build_and_Packing
How to raise a ticket for Sterm code access,Sterm_PCE_Code_Repository
What are the third party tools libraries used in Sterm on Linux,Sterm_Third_party_libraries_used_in_Sterm_Linux
What are the third party tools libraries used in Sterm on windows,Sterm_Third_party_libraries_used_in_Sterm_windows
What are the tools and Technologies used in Sterm PCE,Sterm_Tools_Technologies
I need information about sterm,Sterm_What
What is sterm,Sterm_What
